signal_id,parcel_id,geography_label,economic_segment,economic_segment_order,comparable_asset_flag,comparison_group,special_asset_flag,segment_caveat,opportunity_class,value_per_acre_band,improvement_to_land_ratio_band,land_efficiency_band,tax_base_opportunity_band,constraint_burden_band,public_cost_risk_band,fiscal_attractiveness_band,data_confidence,recommended_followup
CFS-PARCEL-0149727441,CFS-PARCEL-0149727441,CHARLOTTE MOTOR SPEEDWAY,Vacant / Underbuilt,6,true,Vacant / Underbuilt,false,Compare value per acre within similar land-use or property segments.,Underbuilt Redevelopment Candidate,moderate,moderate,,review,data_needed,,,strong,"Review zoning, constraints, permit activity, and service burden before scenario screening."
CFS-PARCEL-0149727442,CFS-PARCEL-0149727442,CHARLOTTE MOTOR SPEEDWAY,Vacant / Underbuilt,6,true,Vacant / Underbuilt,false,Compare value per acre within similar land-use or property segments.,Underbuilt Redevelopment Candidate,moderate,moderate,,review,data_needed,,,strong,"Review zoning, constraints, permit activity, and service burden before scenario screening."
CFS-PARCEL-0149758869,CFS-PARCEL-0149758869,AQUAMARINE,Vacant / Underbuilt,6,true,Vacant / Underbuilt,false,Compare value per acre within similar land-use or property segments.,Underbuilt Redevelopment Candidate,lower,low,,review,data_needed,,,strong,"Review zoning, constraints, permit activity, and service burden before scenario screening."
CFS-PARCEL-0149751011,CFS-PARCEL-0149751011,LAKE DON T. HOWELL,Vacant / Underbuilt,6,true,Vacant / Underbuilt,false,Compare value per acre within similar land-use or property segments.,Underbuilt Redevelopment Candidate,lower,low,,review,data_needed,,,strong,"Review zoning, constraints, permit activity, and service burden before scenario screening."
CFS-PARCEL-0149749657,CFS-PARCEL-0149749657,CONCORD PARKWAY SOUTH,Vacant / Underbuilt,6,true,Vacant / Underbuilt,false,Compare value per acre within similar land-use or property segments.,Underbuilt Redevelopment Candidate,lower,low,,review,data_needed,,,strong,"Review zoning, constraints, permit activity, and service burden before scenario screening."
CFS-PARCEL-0149727653,CFS-PARCEL-0149727653,CONCORD MILLS,Vacant / Underbuilt,6,true,Vacant / Underbuilt,false,Compare value per acre within similar land-use or property segments.,Underbuilt Redevelopment Candidate,lower,low,,review,data_needed,,,strong,"Review zoning, constraints, permit activity, and service burden before scenario screening."
CFS-PARCEL-0149736050,CFS-PARCEL-0149736050,BONDS QUARRY,Vacant / Underbuilt,6,true,Vacant / Underbuilt,false,Compare value per acre within similar land-use or property segments.,Underbuilt Redevelopment Candidate,lower,low,,review,data_needed,,,strong,"Review zoning, constraints, permit activity, and service burden before scenario screening."
CFS-PARCEL-0149758945,CFS-PARCEL-0149758945,STOUGH ROAD,Vacant / Underbuilt,6,true,Vacant / Underbuilt,false,Compare value per acre within similar land-use or property segments.,Underbuilt Redevelopment Candidate,lower,low,,review,data_needed,,,strong,"Review zoning, constraints, permit activity, and service burden before scenario screening."
CFS-PARCEL-0149749606,CFS-PARCEL-0149749606,CHARLOTTE MOTOR SPEEDWAY,Vacant / Underbuilt,6,true,Vacant / Underbuilt,false,Compare value per acre within similar land-use or property segments.,Underbuilt Redevelopment Candidate,lower,low,,review,data_needed,,,strong,"Review zoning, constraints, permit activity, and service burden before scenario screening."
CFS-PARCEL-0149749607,CFS-PARCEL-0149749607,CHARLOTTE MOTOR SPEEDWAY,Vacant / Underbuilt,6,true,Vacant / Underbuilt,false,Compare value per acre within similar land-use or property segments.,Underbuilt Redevelopment Candidate,lower,low,,review,data_needed,,,strong,"Review zoning, constraints, permit activity, and service burden before scenario screening."
CFS-PARCEL-0149750868,CFS-PARCEL-0149750868,CK AFTON RIDGE LAND LLC,Vacant / Underbuilt,6,true,Vacant / Underbuilt,false,Compare value per acre within similar land-use or property segments.,Underbuilt Redevelopment Candidate,lower,low,,review,data_needed,,,strong,"Review zoning, constraints, permit activity, and service burden before scenario screening."
CFS-PARCEL-0149807384,CFS-PARCEL-0149807384,CAROLINA MALL COMPANY,Vacant / Underbuilt,6,true,Vacant / Underbuilt,false,Compare value per acre within similar land-use or property segments.,Underbuilt Redevelopment Candidate,moderate,low,,review,data_needed,,,strong,"Review zoning, constraints, permit activity, and service burden before scenario screening."
CFS-PARCEL-0149758512,CFS-PARCEL-0149758512,PROJECT GRAND AT THE GROUNDS AT CONCORD,Vacant / Underbuilt,6,true,Vacant / Underbuilt,false,Compare value per acre within similar land-use or property segments.,Underbuilt Redevelopment Candidate,moderate,low,,review,data_needed,,,strong,"Review zoning, constraints, permit activity, and service burden before scenario screening."
CFS-PARCEL-0149778854,CFS-PARCEL-0149778854,REED GOLD MINE,Vacant / Underbuilt,6,true,Vacant / Underbuilt,false,Compare value per acre within similar land-use or property segments.,Underbuilt Redevelopment Candidate,lower,low,,review,data_needed,,,strong,"Review zoning, constraints, permit activity, and service burden before scenario screening."
CFS-PARCEL-0149726304,CFS-PARCEL-0149726304,QUIKTRIP NO 1021,Vacant / Underbuilt,6,true,Vacant / Underbuilt,false,Compare value per acre within similar land-use or property segments.,Underbuilt Redevelopment Candidate,high,low,,review,data_needed,,,strong,"Review zoning, constraints, permit activity, and service burden before scenario screening."
CFS-PARCEL-0149747546,CFS-PARCEL-0149747546,HARRISBURG,Vacant / Underbuilt,6,true,Vacant / Underbuilt,false,Compare value per acre within similar land-use or property segments.,Underbuilt Redevelopment Candidate,high,low,,review,data_needed,,,strong,"Review zoning, constraints, permit activity, and service burden before scenario screening."
CFS-PARCEL-0149747547,CFS-PARCEL-0149747547,HARRISBURG,Vacant / Underbuilt,6,true,Vacant / Underbuilt,false,Compare value per acre within similar land-use or property segments.,Underbuilt Redevelopment Candidate,high,low,,review,data_needed,,,strong,"Review zoning, constraints, permit activity, and service burden before scenario screening."
CFS-PARCEL-0149765257,CFS-PARCEL-0149765257,STOUGH ROAD,Vacant / Underbuilt,6,true,Vacant / Underbuilt,false,Compare value per acre within similar land-use or property segments.,Underbuilt Redevelopment Candidate,moderate,low,,review,data_needed,,,strong,"Review zoning, constraints, permit activity, and service burden before scenario screening."
CFS-PARCEL-0149765260,CFS-PARCEL-0149765260,NORTH CAROLINA RAILROAD,Infrastructure / Utility,7,false,Infrastructure / Utility,true,Special asset / non-comparable context; compare cautiously outside peer facilities.,Underbuilt Redevelopment Candidate,moderate,low,,review,data_needed,,,strong,"Review zoning, constraints, permit activity, and service burden before scenario screening."
CFS-PARCEL-0149765258,CFS-PARCEL-0149765258,STOUGH ROAD,Vacant / Underbuilt,6,true,Vacant / Underbuilt,false,Compare value per acre within similar land-use or property segments.,Underbuilt Redevelopment Candidate,high,low,,review,data_needed,,,strong,"Review zoning, constraints, permit activity, and service burden before scenario screening."
CFS-PARCEL-0149765259,CFS-PARCEL-0149765259,STOUGH ROAD,Vacant / Underbuilt,6,true,Vacant / Underbuilt,false,Compare value per acre within similar land-use or property segments.,Underbuilt Redevelopment Candidate,moderate,low,,review,data_needed,,,strong,"Review zoning, constraints, permit activity, and service burden before scenario screening."
CFS-PARCEL-0149729262,CFS-PARCEL-0149729262,CAROLINA VILLAGE,Mixed-Use / Corridor,3,true,Mixed-Use / Corridor,false,Compare value per acre within similar land-use or property segments.,Underbuilt Redevelopment Candidate,moderate,low,,review,data_needed,,,strong,"Review zoning, constraints, permit activity, and service burden before scenario screening."
CFS-PARCEL-0149777876,CFS-PARCEL-0149777876,REED GOLD MINE,Vacant / Underbuilt,6,true,Vacant / Underbuilt,false,Compare value per acre within similar land-use or property segments.,Underbuilt Redevelopment Candidate,lower,low,,review,data_needed,,,strong,"Review zoning, constraints, permit activity, and service burden before scenario screening."
CFS-PARCEL-0149777845,CFS-PARCEL-0149777845,REED GOLD MINE,Vacant / Underbuilt,6,true,Vacant / Underbuilt,false,Compare value per acre within similar land-use or property segments.,Underbuilt Redevelopment Candidate,lower,low,,review,data_needed,,,strong,"Review zoning, constraints, permit activity, and service burden before scenario screening."
CFS-PARCEL-0149812981,CFS-PARCEL-0149812981,SOUTH CANNON BLVD,Vacant / Underbuilt,6,true,Vacant / Underbuilt,false,Compare value per acre within similar land-use or property segments.,Underbuilt Redevelopment Candidate,high,low,,review,data_needed,,,strong,"Review zoning, constraints, permit activity, and service burden before scenario screening."
CFS-PARCEL-0149755575,CFS-PARCEL-0149755575,NO SUBDIVISION,Residential,0,true,Residential,false,Compare value per acre within similar land-use or property segments.,Underbuilt Redevelopment Candidate,lower,low,,review,data_needed,,,strong,"Review zoning, constraints, permit activity, and service burden before scenario screening."
CFS-PARCEL-0149794476,CFS-PARCEL-0149794476,BISCAYNE / TRINITY CHURCH,Vacant / Underbuilt,6,true,Vacant / Underbuilt,false,Compare value per acre within similar land-use or property segments.,Underbuilt Redevelopment Candidate,lower,low,,review,data_needed,,,strong,"Review zoning, constraints, permit activity, and service burden before scenario screening."
CFS-PARCEL-0149727291,CFS-PARCEL-0149727291,AIRPORT,Infrastructure / Utility,7,false,Infrastructure / Utility,true,Special asset / non-comparable context; compare cautiously outside peer facilities.,Underbuilt Redevelopment Candidate,lower,moderate,,review,data_needed,,,strong,"Review zoning, constraints, permit activity, and service burden before scenario screening."
CFS-PARCEL-0149726315,CFS-PARCEL-0149726315,CHRISTENBURY CORNERS NE QUADRANT PH 1,Vacant / Underbuilt,6,true,Vacant / Underbuilt,false,Compare value per acre within similar land-use or property segments.,Underbuilt Redevelopment Candidate,high,moderate,,review,data_needed,,,strong,"Review zoning, constraints, permit activity, and service burden before scenario screening."
CFS-PARCEL-0149778673,CFS-PARCEL-0149778673,REED GOLD MINE,Vacant / Underbuilt,6,true,Vacant / Underbuilt,false,Compare value per acre within similar land-use or property segments.,Underbuilt Redevelopment Candidate,lower,low,,review,data_needed,,,strong,"Review zoning, constraints, permit activity, and service burden before scenario screening."
CFS-PARCEL-0149778672,CFS-PARCEL-0149778672,REED GOLD MINE,Vacant / Underbuilt,6,true,Vacant / Underbuilt,false,Compare value per acre within similar land-use or property segments.,Underbuilt Redevelopment Candidate,lower,low,,review,data_needed,,,strong,"Review zoning, constraints, permit activity, and service burden before scenario screening."
CFS-PARCEL-0149778674,CFS-PARCEL-0149778674,REED GOLD MINE,Vacant / Underbuilt,6,true,Vacant / Underbuilt,false,Compare value per acre within similar land-use or property segments.,Underbuilt Redevelopment Candidate,lower,low,,review,data_needed,,,strong,"Review zoning, constraints, permit activity, and service burden before scenario screening."
CFS-PARCEL-0149778663,CFS-PARCEL-0149778663,REED GOLD MINE,Vacant / Underbuilt,6,true,Vacant / Underbuilt,false,Compare value per acre within similar land-use or property segments.,Underbuilt Redevelopment Candidate,lower,low,,review,data_needed,,,strong,"Review zoning, constraints, permit activity, and service burden before scenario screening."
CFS-PARCEL-0149741520,CFS-PARCEL-0149741520,85 EXCHANGE PHASE II,Vacant / Underbuilt,6,true,Vacant / Underbuilt,false,Compare value per acre within similar land-use or property segments.,Underbuilt Redevelopment Candidate,lower,low,,review,data_needed,,,strong,"Review zoning, constraints, permit activity, and service burden before scenario screening."
CFS-PARCEL-0149786773,CFS-PARCEL-0149786773,PLAT 103.590 AC - KANNAPOLIS PKWY,Vacant / Underbuilt,6,true,Vacant / Underbuilt,false,Compare value per acre within similar land-use or property segments.,Underbuilt Redevelopment Candidate,lower,low,,review,data_needed,,,strong,"Review zoning, constraints, permit activity, and service burden before scenario screening."
CFS-PARCEL-0149786752,CFS-PARCEL-0149786752,PLAT 103.590 AC - KANNAPOLIS PKWY,Vacant / Underbuilt,6,true,Vacant / Underbuilt,false,Compare value per acre within similar land-use or property segments.,Underbuilt Redevelopment Candidate,lower,low,,review,data_needed,,,strong,"Review zoning, constraints, permit activity, and service burden before scenario screening."
CFS-PARCEL-0149726774,CFS-PARCEL-0149726774,CHRISTENBURY SE CORNER,Vacant / Underbuilt,6,true,Vacant / Underbuilt,false,Compare value per acre within similar land-use or property segments.,Underbuilt Redevelopment Candidate,high,moderate,,review,data_needed,,,strong,"Review zoning, constraints, permit activity, and service burden before scenario screening."
CFS-PARCEL-0149726775,CFS-PARCEL-0149726775,CHRISTENBURY SE CORNER,Vacant / Underbuilt,6,true,Vacant / Underbuilt,false,Compare value per acre within similar land-use or property segments.,Underbuilt Redevelopment Candidate,high,moderate,,review,data_needed,,,strong,"Review zoning, constraints, permit activity, and service burden before scenario screening."
CFS-PARCEL-0149725986,CFS-PARCEL-0149725986,LT 4 AND LT 5 MB 71/41-45,Vacant / Underbuilt,6,true,Vacant / Underbuilt,false,Compare value per acre within similar land-use or property segments.,Underbuilt Redevelopment Candidate,high,low,,review,data_needed,,,strong,"Review zoning, constraints, permit activity, and service burden before scenario screening."
CFS-PARCEL-0149727047,CFS-PARCEL-0149727047,HARRISBURG,Vacant / Underbuilt,6,true,Vacant / Underbuilt,false,Compare value per acre within similar land-use or property segments.,Underbuilt Redevelopment Candidate,moderate,low,,review,data_needed,,,strong,"Review zoning, constraints, permit activity, and service burden before scenario screening."
CFS-PARCEL-0149728144,CFS-PARCEL-0149728144,AIRPORT,Infrastructure / Utility,7,false,Infrastructure / Utility,true,Special asset / non-comparable context; compare cautiously outside peer facilities.,Underbuilt Redevelopment Candidate,moderate,low,,review,data_needed,,,strong,"Review zoning, constraints, permit activity, and service burden before scenario screening."
CFS-PARCEL-0149780703,CFS-PARCEL-0149780703,MT PLEASANT OUTSIDE,Vacant / Underbuilt,6,true,Vacant / Underbuilt,false,Compare value per acre within similar land-use or property segments.,Underbuilt Redevelopment Candidate,lower,low,,review,data_needed,,,strong,"Review zoning, constraints, permit activity, and service burden before scenario screening."
CFS-PARCEL-0149780702,CFS-PARCEL-0149780702,MT PLEASANT OUTSIDE,Vacant / Underbuilt,6,true,Vacant / Underbuilt,false,Compare value per acre within similar land-use or property segments.,Underbuilt Redevelopment Candidate,lower,low,,review,data_needed,,,strong,"Review zoning, constraints, permit activity, and service burden before scenario screening."
CFS-PARCEL-0149780704,CFS-PARCEL-0149780704,MT PLEASANT OUTSIDE,Vacant / Underbuilt,6,true,Vacant / Underbuilt,false,Compare value per acre within similar land-use or property segments.,Underbuilt Redevelopment Candidate,lower,low,,review,data_needed,,,strong,"Review zoning, constraints, permit activity, and service burden before scenario screening."
CFS-PARCEL-0149749170,CFS-PARCEL-0149749170,HARRISBURG TOWN CENTER,Mixed-Use / Corridor,3,true,Mixed-Use / Corridor,false,Compare value per acre within similar land-use or property segments.,Underbuilt Redevelopment Candidate,moderate,low,,review,data_needed,,,strong,"Review zoning, constraints, permit activity, and service burden before scenario screening."
CFS-PARCEL-0149757764,CFS-PARCEL-0149757764,THE GROUNDS AT CONCORD,Vacant / Underbuilt,6,true,Vacant / Underbuilt,false,Compare value per acre within similar land-use or property segments.,Underbuilt Redevelopment Candidate,moderate,low,,review,data_needed,,,strong,"Review zoning, constraints, permit activity, and service burden before scenario screening."
CFS-PARCEL-0149812043,CFS-PARCEL-0149812043,NORTHLIGHT,Vacant / Underbuilt,6,true,Vacant / Underbuilt,false,Compare value per acre within similar land-use or property segments.,Underbuilt Redevelopment Candidate,moderate,low,,review,data_needed,,,strong,"Review zoning, constraints, permit activity, and service burden before scenario screening."
CFS-PARCEL-0149812044,CFS-PARCEL-0149812044,NORTHLIGHT,Vacant / Underbuilt,6,true,Vacant / Underbuilt,false,Compare value per acre within similar land-use or property segments.,Underbuilt Redevelopment Candidate,moderate,low,,review,data_needed,,,strong,"Review zoning, constraints, permit activity, and service burden before scenario screening."
CFS-PARCEL-0149802714,CFS-PARCEL-0149802714,CABARRUS/MCGILL,Vacant / Underbuilt,6,true,Vacant / Underbuilt,false,Compare value per acre within similar land-use or property segments.,Underbuilt Redevelopment Candidate,moderate,low,,review,data_needed,,,strong,"Review zoning, constraints, permit activity, and service burden before scenario screening."
CFS-PARCEL-0149802688,CFS-PARCEL-0149802688,CABARRUS/MCGILL,Vacant / Underbuilt,6,true,Vacant / Underbuilt,false,Compare value per acre within similar land-use or property segments.,Underbuilt Redevelopment Candidate,moderate,low,,review,data_needed,,,strong,"Review zoning, constraints, permit activity, and service burden before scenario screening."
CFS-PARCEL-0149749978,CFS-PARCEL-0149749978,AIRPORT,Infrastructure / Utility,7,false,Infrastructure / Utility,true,Special asset / non-comparable context; compare cautiously outside peer facilities.,Tax-Base Opportunity,lower,moderate,,elevated_review,data_needed,,,strong,"Review zoning, constraints, permit activity, and service burden before scenario screening."
CFS-PARCEL-0149749977,CFS-PARCEL-0149749977,AIRPORT,Infrastructure / Utility,7,false,Infrastructure / Utility,true,Special asset / non-comparable context; compare cautiously outside peer facilities.,Tax-Base Opportunity,lower,moderate,,elevated_review,data_needed,,,strong,"Review zoning, constraints, permit activity, and service burden before scenario screening."
CFS-PARCEL-0149783695,CFS-PARCEL-0149783695,HWY 601 / 49,Vacant / Underbuilt,6,true,Vacant / Underbuilt,false,Compare value per acre within similar land-use or property segments.,Tax-Base Opportunity,lower,high,,elevated_review,data_needed,,,strong,"Review zoning, constraints, permit activity, and service burden before scenario screening."
CFS-PARCEL-0149758473,CFS-PARCEL-0149758473,STOUGH ROAD,Vacant / Underbuilt,6,true,Vacant / Underbuilt,false,Compare value per acre within similar land-use or property segments.,Tax-Base Opportunity,lower,moderate,,elevated_review,data_needed,,,strong,"Review zoning, constraints, permit activity, and service burden before scenario screening."
CFS-PARCEL-0149758954,CFS-PARCEL-0149758954,CONCORD PARKWAY SOUTH,Vacant / Underbuilt,6,true,Vacant / Underbuilt,false,Compare value per acre within similar land-use or property segments.,Tax-Base Opportunity,lower,moderate,,elevated_review,data_needed,,,strong,"Review zoning, constraints, permit activity, and service burden before scenario screening."
CFS-PARCEL-0149761691,CFS-PARCEL-0149761691,STOUGH ROAD,Vacant / Underbuilt,6,true,Vacant / Underbuilt,false,Compare value per acre within similar land-use or property segments.,Tax-Base Opportunity,lower,high,,elevated_review,data_needed,,,strong,"Review zoning, constraints, permit activity, and service burden before scenario screening."
CFS-PARCEL-0149777372,CFS-PARCEL-0149777372,MIAMI CHURCH RD,Vacant / Underbuilt,6,true,Vacant / Underbuilt,false,Compare value per acre within similar land-use or property segments.,Tax-Base Opportunity,lower,moderate,,elevated_review,data_needed,,,strong,"Review zoning, constraints, permit activity, and service burden before scenario screening."
CFS-PARCEL-0149776843,CFS-PARCEL-0149776843,HWY 24 / 27,Vacant / Underbuilt,6,true,Vacant / Underbuilt,false,Compare value per acre within similar land-use or property segments.,Tax-Base Opportunity,lower,high,,elevated_review,data_needed,,,strong,"Review zoning, constraints, permit activity, and service burden before scenario screening."
CFS-PARCEL-0149740191,CFS-PARCEL-0149740191,KEITH WAYNE PROPERTIES,Vacant / Underbuilt,6,true,Vacant / Underbuilt,false,Compare value per acre within similar land-use or property segments.,Tax-Base Opportunity,lower,high,,elevated_review,data_needed,,,strong,"Review zoning, constraints, permit activity, and service burden before scenario screening."
CFS-PARCEL-0149740192,CFS-PARCEL-0149740192,KEITH WAYNE PROPERTIES,Vacant / Underbuilt,6,true,Vacant / Underbuilt,false,Compare value per acre within similar land-use or property segments.,Tax-Base Opportunity,lower,high,,elevated_review,data_needed,,,strong,"Review zoning, constraints, permit activity, and service burden before scenario screening."
CFS-PARCEL-0149824730,CFS-PARCEL-0149824730,MT PLEASANT HIGH SCHOOL,Institutional / Civic,4,false,Institutional / Civic,true,Special asset / non-comparable context; compare cautiously outside peer facilities.,Tax-Base Opportunity,lower,moderate,,elevated_review,data_needed,,,strong,"Review zoning, constraints, permit activity, and service burden before scenario screening."
CFS-PARCEL-0149822408,CFS-PARCEL-0149822408,LEFLER ESTATE,Vacant / Underbuilt,6,true,Vacant / Underbuilt,false,Compare value per acre within similar land-use or property segments.,Tax-Base Opportunity,lower,high,,elevated_review,data_needed,,,strong,"Review zoning, constraints, permit activity, and service burden before scenario screening."
CFS-PARCEL-0149759856,CFS-PARCEL-0149759856,LITTLE EST,Vacant / Underbuilt,6,true,Vacant / Underbuilt,false,Compare value per acre within similar land-use or property segments.,Tax-Base Opportunity,lower,high,,elevated_review,data_needed,,,strong,"Review zoning, constraints, permit activity, and service burden before scenario screening."
CFS-PARCEL-0149788496,CFS-PARCEL-0149788496,NCRC/KANNAPOLIS DOWNTOWN,Mixed-Use / Corridor,3,true,Mixed-Use / Corridor,false,Compare value per acre within similar land-use or property segments.,Tax-Base Opportunity,lower,high,,elevated_review,data_needed,,,strong,"Review zoning, constraints, permit activity, and service burden before scenario screening."
CFS-PARCEL-0149766652,CFS-PARCEL-0149766652,HWY 601 / 49,Vacant / Underbuilt,6,true,Vacant / Underbuilt,false,Compare value per acre within similar land-use or property segments.,Tax-Base Opportunity,lower,moderate,,elevated_review,data_needed,,,strong,"Review zoning, constraints, permit activity, and service burden before scenario screening."
CFS-PARCEL-0149766651,CFS-PARCEL-0149766651,HWY 601 / 49,Vacant / Underbuilt,6,true,Vacant / Underbuilt,false,Compare value per acre within similar land-use or property segments.,Tax-Base Opportunity,lower,moderate,,elevated_review,data_needed,,,strong,"Review zoning, constraints, permit activity, and service burden before scenario screening."
CFS-PARCEL-0149768857,CFS-PARCEL-0149768857,HWY 24 / 27,Vacant / Underbuilt,6,true,Vacant / Underbuilt,false,Compare value per acre within similar land-use or property segments.,Tax-Base Opportunity,lower,moderate,,elevated_review,data_needed,,,strong,"Review zoning, constraints, permit activity, and service burden before scenario screening."
CFS-PARCEL-0149739191,CFS-PARCEL-0149739191,POPLAR TENT WEST,Vacant / Underbuilt,6,true,Vacant / Underbuilt,false,Compare value per acre within similar land-use or property segments.,Tax-Base Opportunity,lower,moderate,,elevated_review,data_needed,,,strong,"Review zoning, constraints, permit activity, and service burden before scenario screening."
CFS-PARCEL-0149772424,CFS-PARCEL-0149772424,HWY 601 / 49,Vacant / Underbuilt,6,true,Vacant / Underbuilt,false,Compare value per acre within similar land-use or property segments.,Tax-Base Opportunity,lower,high,,elevated_review,data_needed,,,strong,"Review zoning, constraints, permit activity, and service burden before scenario screening."
CFS-PARCEL-0149767094,CFS-PARCEL-0149767094,BETHEL ELEMENTARY SCHOOL,Institutional / Civic,4,false,Institutional / Civic,true,Special asset / non-comparable context; compare cautiously outside peer facilities.,Tax-Base Opportunity,lower,high,,elevated_review,data_needed,,,strong,"Review zoning, constraints, permit activity, and service burden before scenario screening."
CFS-PARCEL-0149762674,CFS-PARCEL-0149762674,STOUGH ROAD,Vacant / Underbuilt,6,true,Vacant / Underbuilt,false,Compare value per acre within similar land-use or property segments.,Tax-Base Opportunity,lower,high,,elevated_review,data_needed,,,strong,"Review zoning, constraints, permit activity, and service burden before scenario screening."
CFS-PARCEL-0149819976,CFS-PARCEL-0149819976,OVERBROOK,Vacant / Underbuilt,6,true,Vacant / Underbuilt,false,Compare value per acre within similar land-use or property segments.,Tax-Base Opportunity,lower,moderate,,elevated_review,data_needed,,,strong,"Review zoning, constraints, permit activity, and service burden before scenario screening."
CFS-PARCEL-0149825287,CFS-PARCEL-0149825287,I-85 AT LANE STREET,Vacant / Underbuilt,6,true,Vacant / Underbuilt,false,Compare value per acre within similar land-use or property segments.,Tax-Base Opportunity,lower,moderate,,elevated_review,data_needed,,,strong,"Review zoning, constraints, permit activity, and service burden before scenario screening."
CFS-PARCEL-0149735430,CFS-PARCEL-0149735430,RECOMBINATION PLAT OF ROBERT & TINA KINARD,Vacant / Underbuilt,6,true,Vacant / Underbuilt,false,Compare value per acre within similar land-use or property segments.,Tax-Base Opportunity,lower,moderate,,elevated_review,data_needed,,,strong,"Review zoning, constraints, permit activity, and service burden before scenario screening."
CFS-PARCEL-0149827577,CFS-PARCEL-0149827577,MT PLEASANT COMMERCIAL,Commercial,1,true,Commercial,false,Compare value per acre within similar land-use or property segments.,Tax-Base Opportunity,lower,moderate,,elevated_review,data_needed,,,strong,"Review zoning, constraints, permit activity, and service burden before scenario screening."
CFS-PARCEL-0149810750,CFS-PARCEL-0149810750,2801 PENNSYLVANIA AVE,Unknown / Needs Classification,8,true,Unknown / Needs Classification,false,Land-use or property segment is not exposed in the current normalized fields.,Needs More Data Before Recommendation,data_needed,data_needed,,data_needed,data_needed,,,data_needed,"Review zoning, constraints, permit activity, and service burden before scenario screening."
CFS-PARCEL-0149748017,CFS-PARCEL-0149748017,THE COURTYARDS ON ROBINSON CHURCH,Unknown / Needs Classification,8,true,Unknown / Needs Classification,false,Land-use or property segment is not exposed in the current normalized fields.,Needs More Data Before Recommendation,data_needed,data_needed,,data_needed,data_needed,,,data_needed,"Review zoning, constraints, permit activity, and service burden before scenario screening."
CFS-PARCEL-0149748557,CFS-PARCEL-0149748557,THE COURTYARDS ON ROBINSON CHURCH,Unknown / Needs Classification,8,true,Unknown / Needs Classification,false,Land-use or property segment is not exposed in the current normalized fields.,Needs More Data Before Recommendation,data_needed,data_needed,,data_needed,data_needed,,,data_needed,"Review zoning, constraints, permit activity, and service burden before scenario screening."
CFS-PARCEL-0149748552,CFS-PARCEL-0149748552,THE COURTYARDS ON ROBINSON CHURCH,Unknown / Needs Classification,8,true,Unknown / Needs Classification,false,Land-use or property segment is not exposed in the current normalized fields.,Needs More Data Before Recommendation,data_needed,data_needed,,data_needed,data_needed,,,data_needed,"Review zoning, constraints, permit activity, and service burden before scenario screening."
CFS-PARCEL-0149747933,CFS-PARCEL-0149747933,THE COURTYARDS ON ROBINSON CHURCH,Unknown / Needs Classification,8,true,Unknown / Needs Classification,false,Land-use or property segment is not exposed in the current normalized fields.,Needs More Data Before Recommendation,data_needed,data_needed,,data_needed,data_needed,,,data_needed,"Review zoning, constraints, permit activity, and service burden before scenario screening."
CFS-PARCEL-0149747776,CFS-PARCEL-0149747776,THE COURTYARDS ON ROBINSON CHURCH,Unknown / Needs Classification,8,true,Unknown / Needs Classification,false,Land-use or property segment is not exposed in the current normalized fields.,Needs More Data Before Recommendation,data_needed,data_needed,,data_needed,data_needed,,,data_needed,"Review zoning, constraints, permit activity, and service burden before scenario screening."
CFS-PARCEL-0149747775,CFS-PARCEL-0149747775,THE COURTYARDS ON ROBINSON CHURCH,Unknown / Needs Classification,8,true,Unknown / Needs Classification,false,Land-use or property segment is not exposed in the current normalized fields.,Needs More Data Before Recommendation,data_needed,data_needed,,data_needed,data_needed,,,data_needed,"Review zoning, constraints, permit activity, and service burden before scenario screening."
CFS-PARCEL-0149797776,CFS-PARCEL-0149797776,WORLD MISSIONS TCT ON PLEASANT AVE,Unknown / Needs Classification,8,true,Unknown / Needs Classification,false,Land-use or property segment is not exposed in the current normalized fields.,Needs More Data Before Recommendation,data_needed,data_needed,,data_needed,data_needed,,,data_needed,"Review zoning, constraints, permit activity, and service burden before scenario screening."
CFS-PARCEL-0149776891,CFS-PARCEL-0149776891,PLAT FOR JOYAL/HUNEYCUTT/KNIGHT & TUCKER,Unknown / Needs Classification,8,true,Unknown / Needs Classification,false,Land-use or property segment is not exposed in the current normalized fields.,Needs More Data Before Recommendation,data_needed,data_needed,,data_needed,data_needed,,,data_needed,"Review zoning, constraints, permit activity, and service burden before scenario screening."
CFS-PARCEL-0149779082,CFS-PARCEL-0149779082,PLAT FOR 6390 MT PLEASANT RD SOUTH,Unknown / Needs Classification,8,true,Unknown / Needs Classification,false,Land-use or property segment is not exposed in the current normalized fields.,Needs More Data Before Recommendation,data_needed,data_needed,,data_needed,data_needed,,,data_needed,"Review zoning, constraints, permit activity, and service burden before scenario screening."
CFS-PARCEL-0149749354,CFS-PARCEL-0149749354,NORTH CAROLINA RAILROAD COMPANY,Infrastructure / Utility,7,false,Infrastructure / Utility,true,Special asset / non-comparable context; compare cautiously outside peer facilities.,Needs More Data Before Recommendation,data_needed,data_needed,,data_needed,data_needed,,,data_needed,"Review zoning, constraints, permit activity, and service burden before scenario screening."
CFS-PARCEL-0149739439,CFS-PARCEL-0149739439,EMERSON GLEN,Unknown / Needs Classification,8,true,Unknown / Needs Classification,false,Land-use or property segment is not exposed in the current normalized fields.,Needs More Data Before Recommendation,data_needed,data_needed,,data_needed,data_needed,,,data_needed,"Review zoning, constraints, permit activity, and service burden before scenario screening."
CFS-PARCEL-0149739125,CFS-PARCEL-0149739125,EMERSON GLEN,Unknown / Needs Classification,8,true,Unknown / Needs Classification,false,Land-use or property segment is not exposed in the current normalized fields.,Needs More Data Before Recommendation,data_needed,data_needed,,data_needed,data_needed,,,data_needed,"Review zoning, constraints, permit activity, and service burden before scenario screening."
CFS-PARCEL-0149748365,CFS-PARCEL-0149748365,THE COURTYARDS ON ROBINSON CHURCH,Unknown / Needs Classification,8,true,Unknown / Needs Classification,false,Land-use or property segment is not exposed in the current normalized fields.,Needs More Data Before Recommendation,data_needed,data_needed,,data_needed,data_needed,,,data_needed,"Review zoning, constraints, permit activity, and service burden before scenario screening."
CFS-PARCEL-0149748675,CFS-PARCEL-0149748675,THE COURTYARDS ON ROBINSON CHURCH,Unknown / Needs Classification,8,true,Unknown / Needs Classification,false,Land-use or property segment is not exposed in the current normalized fields.,Needs More Data Before Recommendation,data_needed,data_needed,,data_needed,data_needed,,,data_needed,"Review zoning, constraints, permit activity, and service burden before scenario screening."
CFS-PARCEL-0149756090,CFS-PARCEL-0149756090,THE COURTYARDS ON ROBINSON CHURCH,Unknown / Needs Classification,8,true,Unknown / Needs Classification,false,Land-use or property segment is not exposed in the current normalized fields.,Needs More Data Before Recommendation,data_needed,data_needed,,data_needed,data_needed,,,data_needed,"Review zoning, constraints, permit activity, and service burden before scenario screening."
CFS-PARCEL-0149775199,CFS-PARCEL-0149775199,JASON & KAREN SPEARS PROP,Unknown / Needs Classification,8,true,Unknown / Needs Classification,false,Land-use or property segment is not exposed in the current normalized fields.,Needs More Data Before Recommendation,data_needed,data_needed,,data_needed,data_needed,,,data_needed,"Review zoning, constraints, permit activity, and service burden before scenario screening."
CFS-PARCEL-0149748808,CFS-PARCEL-0149748808,THE COURTYARDS ON ROBINSON CHURCH,Unknown / Needs Classification,8,true,Unknown / Needs Classification,false,Land-use or property segment is not exposed in the current normalized fields.,Needs More Data Before Recommendation,data_needed,data_needed,,data_needed,data_needed,,,data_needed,"Review zoning, constraints, permit activity, and service burden before scenario screening."
CFS-PARCEL-0149739438,CFS-PARCEL-0149739438,EMERSON GLEN,Unknown / Needs Classification,8,true,Unknown / Needs Classification,false,Land-use or property segment is not exposed in the current normalized fields.,Needs More Data Before Recommendation,data_needed,data_needed,,data_needed,data_needed,,,data_needed,"Review zoning, constraints, permit activity, and service burden before scenario screening."
CFS-PARCEL-0149780042,CFS-PARCEL-0149780042,PLAT FOR 5641 MT PLEASANT RD S,Unknown / Needs Classification,8,true,Unknown / Needs Classification,false,Land-use or property segment is not exposed in the current normalized fields.,Needs More Data Before Recommendation,data_needed,data_needed,,data_needed,data_needed,,,data_needed,"Review zoning, constraints, permit activity, and service burden before scenario screening."
CFS-PARCEL-0149739401,CFS-PARCEL-0149739401,EMERSON GLEN,Unknown / Needs Classification,8,true,Unknown / Needs Classification,false,Land-use or property segment is not exposed in the current normalized fields.,Needs More Data Before Recommendation,data_needed,data_needed,,data_needed,data_needed,,,data_needed,"Review zoning, constraints, permit activity, and service burden before scenario screening."
CFS-PARCEL-0149748053,CFS-PARCEL-0149748053,THE COURTYARDS ON ROBINSON CHURCH,Unknown / Needs Classification,8,true,Unknown / Needs Classification,false,Land-use or property segment is not exposed in the current normalized fields.,Needs More Data Before Recommendation,data_needed,data_needed,,data_needed,data_needed,,,data_needed,"Review zoning, constraints, permit activity, and service burden before scenario screening."
CFS-PARCEL-0149747924,CFS-PARCEL-0149747924,THE COURTYARDS ON ROBINSON CHURCH,Unknown / Needs Classification,8,true,Unknown / Needs Classification,false,Land-use or property segment is not exposed in the current normalized fields.,Needs More Data Before Recommendation,data_needed,data_needed,,data_needed,data_needed,,,data_needed,"Review zoning, constraints, permit activity, and service burden before scenario screening."
CFS-PARCEL-0149748050,CFS-PARCEL-0149748050,THE COURTYARDS ON ROBINSON CHURCH,Unknown / Needs Classification,8,true,Unknown / Needs Classification,false,Land-use or property segment is not exposed in the current normalized fields.,Needs More Data Before Recommendation,data_needed,data_needed,,data_needed,data_needed,,,data_needed,"Review zoning, constraints, permit activity, and service burden before scenario screening."
CFS-PARCEL-0149748434,CFS-PARCEL-0149748434,THE COURTYARDS ON ROBINSON CHURCH,Unknown / Needs Classification,8,true,Unknown / Needs Classification,false,Land-use or property segment is not exposed in the current normalized fields.,Needs More Data Before Recommendation,data_needed,data_needed,,data_needed,data_needed,,,data_needed,"Review zoning, constraints, permit activity, and service burden before scenario screening."
CFS-PARCEL-0149789146,CFS-PARCEL-0149789146,LILLY CONCORD,Unknown / Needs Classification,8,true,Unknown / Needs Classification,false,Land-use or property segment is not exposed in the current normalized fields.,High-Value Stable Parcel,high,high,,monitor,data_needed,,,strong,"Review zoning, constraints, permit activity, and service burden before scenario screening."
CFS-PARCEL-0149808150,CFS-PARCEL-0149808150,NE MEDICAL CENTER,Institutional / Civic,4,false,Institutional / Civic,true,Special asset / non-comparable context; compare cautiously outside peer facilities.,High-Value Stable Parcel,high,high,,monitor,data_needed,,,strong,"Review zoning, constraints, permit activity, and service burden before scenario screening."
CFS-PARCEL-0149726579,CFS-PARCEL-0149726579,CONCORD MILLS,Unknown / Needs Classification,8,true,Unknown / Needs Classification,false,Land-use or property segment is not exposed in the current normalized fields.,High-Value Stable Parcel,high,high,,monitor,data_needed,,,strong,"Review zoning, constraints, permit activity, and service burden before scenario screening."
CFS-PARCEL-0149735622,CFS-PARCEL-0149735622,KINGS GRANT CORP,Unknown / Needs Classification,8,true,Unknown / Needs Classification,false,Land-use or property segment is not exposed in the current normalized fields.,High-Value Stable Parcel,high,high,,monitor,data_needed,,,strong,"Review zoning, constraints, permit activity, and service burden before scenario screening."
CFS-PARCEL-0149816390,CFS-PARCEL-0149816390,RECOMBINATION SURVEY FOR CABARRUS COUNTY,Institutional / Civic,4,false,Institutional / Civic,true,Special asset / non-comparable context; compare cautiously outside peer facilities.,High-Value Stable Parcel,high,high,,monitor,data_needed,,,strong,"Review zoning, constraints, permit activity, and service burden before scenario screening."
CFS-PARCEL-0149806557,CFS-PARCEL-0149806557,DOWNTOWN CONCORD,Mixed-Use / Corridor,3,true,Mixed-Use / Corridor,false,Compare value per acre within similar land-use or property segments.,High-Value Stable Parcel,high,high,,monitor,data_needed,,,strong,"Review zoning, constraints, permit activity, and service burden before scenario screening."
CFS-PARCEL-0149742039,CFS-PARCEL-0149742039,PROJECT HERCULES,Unknown / Needs Classification,8,true,Unknown / Needs Classification,false,Land-use or property segment is not exposed in the current normalized fields.,High-Value Stable Parcel,high,high,,monitor,data_needed,,,strong,"Review zoning, constraints, permit activity, and service burden before scenario screening."
CFS-PARCEL-0149727290,CFS-PARCEL-0149727290,EMBASSY SUITES CONCORD CONVENTION CENTER,Institutional / Civic,4,false,Institutional / Civic,true,Special asset / non-comparable context; compare cautiously outside peer facilities.,High-Value Stable Parcel,high,high,,monitor,data_needed,,,strong,"Review zoning, constraints, permit activity, and service burden before scenario screening."
CFS-PARCEL-0149742262,CFS-PARCEL-0149742262,AMERICAN DEVELOPMENT INDUSTIES PROPERTY,Unknown / Needs Classification,8,true,Unknown / Needs Classification,false,Land-use or property segment is not exposed in the current normalized fields.,High-Value Stable Parcel,high,high,,monitor,data_needed,,,strong,"Review zoning, constraints, permit activity, and service burden before scenario screening."
CFS-PARCEL-0149773228,CFS-PARCEL-0149773228,MIDLAND COMMERCIAL,Commercial,1,true,Commercial,false,Compare value per acre within similar land-use or property segments.,High-Value Stable Parcel,high,high,,monitor,data_needed,,,strong,"Review zoning, constraints, permit activity, and service burden before scenario screening."
CFS-PARCEL-0149752131,CFS-PARCEL-0149752131,CONCORD PARKWAY SOUTH,Unknown / Needs Classification,8,true,Unknown / Needs Classification,false,Land-use or property segment is not exposed in the current normalized fields.,High-Value Stable Parcel,high,high,,monitor,data_needed,,,strong,"Review zoning, constraints, permit activity, and service burden before scenario screening."
CFS-PARCEL-0149781836,CFS-PARCEL-0149781836,LEGACY CONCORD,Unknown / Needs Classification,8,true,Unknown / Needs Classification,false,Land-use or property segment is not exposed in the current normalized fields.,High-Value Stable Parcel,high,high,,monitor,data_needed,,,strong,"Review zoning, constraints, permit activity, and service burden before scenario screening."
CFS-PARCEL-0149750051,CFS-PARCEL-0149750051,AIRPORT,Infrastructure / Utility,7,false,Infrastructure / Utility,true,Special asset / non-comparable context; compare cautiously outside peer facilities.,High-Value Stable Parcel,high,high,,monitor,data_needed,,,strong,"Review zoning, constraints, permit activity, and service burden before scenario screening."
CFS-PARCEL-0149737057,CFS-PARCEL-0149737057,CONSERVATION EASEMENT,Unknown / Needs Classification,8,true,Unknown / Needs Classification,false,Land-use or property segment is not exposed in the current normalized fields.,High-Value Stable Parcel,high,high,,monitor,data_needed,,,strong,"Review zoning, constraints, permit activity, and service burden before scenario screening."
CFS-PARCEL-0149742043,CFS-PARCEL-0149742043,"CK LAKE POINTE CORP CENTER, LLC",Mixed-Use / Corridor,3,true,Mixed-Use / Corridor,false,Compare value per acre within similar land-use or property segments.,High-Value Stable Parcel,high,high,,monitor,data_needed,,,strong,"Review zoning, constraints, permit activity, and service burden before scenario screening."
CFS-PARCEL-0149735610,CFS-PARCEL-0149735610,"CRESCENT RESOURCES, LLC PROPERTY MAP 2",Unknown / Needs Classification,8,true,Unknown / Needs Classification,false,Land-use or property segment is not exposed in the current normalized fields.,High-Value Stable Parcel,high,high,,monitor,data_needed,,,strong,"Review zoning, constraints, permit activity, and service burden before scenario screening."
CFS-PARCEL-0149735609,CFS-PARCEL-0149735609,"CRESCENT RESOURCES, LLC PROPERTY MAP 2",Unknown / Needs Classification,8,true,Unknown / Needs Classification,false,Land-use or property segment is not exposed in the current normalized fields.,High-Value Stable Parcel,high,high,,monitor,data_needed,,,strong,"Review zoning, constraints, permit activity, and service burden before scenario screening."
CFS-PARCEL-0149727093,CFS-PARCEL-0149727093,"CRESCENT RESOURCES, LLC PROPERTY MAP 2",Unknown / Needs Classification,8,true,Unknown / Needs Classification,false,Land-use or property segment is not exposed in the current normalized fields.,High-Value Stable Parcel,high,high,,monitor,data_needed,,,strong,"Review zoning, constraints, permit activity, and service burden before scenario screening."
CFS-PARCEL-0149785805,CFS-PARCEL-0149785805,KELLSWATER COMMONS APARTMENTS,Infrastructure / Utility,7,false,Infrastructure / Utility,true,Special asset / non-comparable context; compare cautiously outside peer facilities.,High-Value Stable Parcel,high,high,,monitor,data_needed,,,strong,"Review zoning, constraints, permit activity, and service burden before scenario screening."
CFS-PARCEL-0149785588,CFS-PARCEL-0149785588,KANNAPOLIS PARKWAY,Unknown / Needs Classification,8,true,Unknown / Needs Classification,false,Land-use or property segment is not exposed in the current normalized fields.,High-Value Stable Parcel,high,high,,monitor,data_needed,,,strong,"Review zoning, constraints, permit activity, and service burden before scenario screening."
